{
  "MAE": 7.35451364702544,
  "RMSE": 9.83930599792165,
  "R\u00b2": 0.7070321162184106,
  "Max Error": 59.62700090876367,
  "MAPE (%)": 23.143120366038186
}